Drawing1_No,Drawing2_No
5-AD1000943WA0001,RHL-000101623
5-AD1000943WA0001,RHL-000462411
5-AD1000943WA0002,RHL-000130950
5-AD1000943WA0002,RHL-000462412
5-AD1000943WA0004,RHL-000388988
5-AD1000943WA0004,RHL-000470702
5-AD1000943WA0003,RHL-000427669
5-AD1000943WA0003,RHL-000462413
5-AD1039444WA0001,RHL-000196252
5-AD1039444WA0001,RHL-000462417
5-AD1039844WA0001,RHL-000211955
5-AD1039844WA0001,RHL-000462420
5-AD1039841WA0001,RHL-000231079
5-AD1039841WA0001,RHL-000462418
5-AD1039843WA0001,RHL-000329777
5-AD1039843WA0001,RHL-000470703
5-AD1039842WA0001,RHL-000404868
5-AD1039842WA0001,RHL-000462419
5-AD1000653WA0001,RHL-000008037
5-AD1000653WA0001,RHL-000462400
5-AD1000656WA0001,RHL-000186530
5-AD1000656WA0001,RHL-000462401
5-AD1039364WA0001,RHL-000042803
5-AD1039364WA0001,RHL-000466338
5-AD1061646WA0002,RHL-000382562
5-AD1061651WA0001,RHL-000383518
5-AD1061651WA0001,RHL-000462422
5-AD1000786WA0001,RHL-000007564
5-AD1000786WA0001,RHL-000462408
5-AD1000751WA0002,RHL-000025019
5-AD1000751WA0002,RHL-000462402
5-AD1000756WA0001,RHL-000050612
5-AD1000756WA0001,RHL-000462405
5-AD1000787WA0001,RHL-000119034
5-AD1000787WA0001,RHL-000462409
5-AD1000753WA0001,RHL-000441724
5-AD1000753WA0001,RHL-000462404
5-AD1000752WA0002,RHL-000450686
5-AD1000752WA0002,RHL-000462403
5-AD1039423WA0001,RHL-000186965
5-AD1039423WA0001,RHL-000462416
5-AD1039421WA0001,RHL-000347897
5-AD1000893WA0001,RHL-000424363
5-AD1000893WA0001,RHL-000463721
5-AD1000894WA0001,RHL-000114575
5-AD1039415WA0001,RHL-000294826
5-AD1039415WA0001, RHL-000462414
5-AD1039417WA0001,RHL-000317889
5-AD1039417WA0001, RHL-000462415
5-AD1001426WA0003,RHL-000264510
5-AD1001426WA0004,RHL-000383758
5-AD1001426WA0004,RHL-000463720
5-AD1039438WA0001,RHL-000526785
5-AD1082432WA0018,RHL-000101775
5-AD1082432WA0018,RHL-000469910
5-AD1082432WA0019,RHL-000141862
5-AD1082432WA0019,RHL-000469911
5-AD1082432WA0008,RHL-000152325
5-AD1082432WA0008,RHL-000469912
5-AD1039463WA0002,RHL-000177701
5-AD1039463WA0002,RHL-000470162
5-AD1082432WA0009,RHL-000210142
5-AD1082432WA0017,RHL-000248687
5-AD1082432WA0010,RHL-000367858
5-AD1082432WA0010,RHL-000469916
5-AD1082432WA0003,RHL-000045160
5-AD1082432WA0003,RHL-000469917
5-AD1082432WA0002,RHL-000345738
5-AD1082432WA0002,RHL-000470192
5-AD1082432WA0005,RHL-000109986
5-AD1082432WA0005,RHL-000469919
5-AD1082432WA0006,RHL-000399809
5-AD1082432WA0006,RHL-000469920
5-AD1082432WA0006,RHL-000036196
5-AD1082432WA0006,RHL-000469921
5-AD1082432WA0011,RHL-000037142
5-AD1082432WA0011,RHL-000469922
5-AD1082432WA0015,RHL-000000581
5-AD1082432WA0015,RHL-000469923
5-AD1082432WA0014,RHL-000407815
5-AD1082432WA0014,RHL-000469924
5-WB1000000WA0034,RHL-000124906
5-WB1000000WA0034,RHL-000469925
5-WB1000000WA0005,RHL-000424186
5-AD1000913WA0001,RHL-000068440
5-AD1000913WA0001,RHL-000469926
5-AD1000915WA0001,RHL-000236128
5-AD1000861WA0001,RHL-000282108
5-AD1000862WA0001,RHL-000292350
5-AD1000862WA0001,RHL-000469927
5-AD1000864WA0001,RHL-000300278
5-AD1000864WA0001,RHL-000470195
5-AD1000860WA0001,RHL-000363779
5-AD1063153WA0001,RHL-000369995
5-AD1039488WA0001,RHL-000379750
5-AD1039488WA0001,RHL-000470163
5-AD1000863WA0001,RHL-000385503
5-AD1197891WA0001,RHL-000168566
5-AD1197891WA0001,RHL-000454831
5-AD1001364WA0001,RHL-000394184
5-AD1001364WA0001,RHL-000454828
5-AD1001374WA0002,RHL-000404745
5-AD1001374WA0002,RHL-000454829
5-AD1001374WA0002,RHL-000454830
5-AD1189128WA0001,RHL-000583275
5-AD1000942WA0001,RHL-000144480
5-AD1000942WA0001,RHL-000454832
5-AD1000944WA0001,RHL-000388916
5-AD1000944WA0001,RHL-000463944
5-AD1039824WA0001,RHL-000240207
5-AD1000826WA0001,RHL-000131993
5-AD1000826WA0001,RHL-000464870
5-AD1039458WA0001,RHL-000143820
5-AD1039458WA0001,RHL-000464814
5-AD1000824WA0001,RHL-000217273
5-AD1000824WA0001,RHL-000471886
5-AD1039400WA0001,RHL-000272297
5-AD1039400WA0001,RHL-000464812
5-AD1000823WA0001,RHL-000330486
5-AD1000823WA0001,RHL-000464871
5-AD1039395WA0001,RHL-000414397
5-AD1039400WA0002,RHL-000270015
5-AD1039400WA0002,RHL-000465029
5-AD1039400WA0003,RHL-000119153
5-AD1039400WA0003,RHL-000462410
5-AD1039400WA0004,RHL-000417856
5-AD1039400WA0004,RHL-000471926
5-AD1000757WA0001,RHL-000080152
5-AD1000757WA0001,RHL-000464808
5-AD1039494WA0001,RHL-000211220
5-AD1039494WA0001,RHL-000470198
5-AD1000750WA0001,RHL-000234999
5-AD1000750WA0001,RHL-000464806
5-AD1000750WA0002,RHL-000282541
5-AD1000750WA0002,RHL-000464807
5-AD1000758WA0001,RHL-000292655
5-AD1000758WA0001,RHL-000471927
5-AD1000749WA0001,RHL-000416180
5-AD1000749WA0001,RHL-000470199
5-AD1039414WA0002,RHL-000130319
5-AD1039414WA0002,RHL-000471928
5-AD1039402WA0001,RHL-000260740
5-AD1039402WA0001,RHL-000464813
5-AD1059830WA0004,RHL-000049003
5-AD1059830WA0004,RHL-000470807
5-AD1059830WA0005,RHL-000288983
5-AD1059830WA0005,RHL-000470200
5-AD1000792WA0001,RHL-000365901
5-AD1000792WA0001,RHL-000464809
5-AD1000819WA0012,RHL-000327218
5-AD1000819WA0012,RHL-000471878 
5-AD1000838WA0001,RHL-000218852
5-AD1000838WA0001,RHL-000464810
5-AD1000852WA0001,RHL-000292479
5-AD1000852WA0001,RHL-000464548
5-AD1000832WA0001,RHL-000299748
5-AD1000832WA0001,RHL-000464872
5-AD1000849WA0001,RHL-000331759
5-AD1000849WA0001,RHL-000464811
5-AD1039518WA0023,RHL-000036416
5-AD1039518WA0023,RHL-000464553
5-AD1039518WA0015,RHL-000081264
5-AD1039518WA0015,RHL-000464552
5-AD1039518WA0011,RHL-000127592
5-AD1039518WA0011,RHL-000464549
5-AD1039518WA0032,RHL-000183813
5-AD1039518WA0032,RHL-000464555
5-AD1039518WA0027,RHL-000221331
5-AD1039518WA0027,RHL-000464554
5-AD1039518WA0014,RHL-000237078
5-AD1039518WA0014,RHL-000464551
5-AD1039518WA0012,RHL-000373167
5-AD1039518WA0012,RHL-000464550
5-AD1039518WA0003,RHL-000035887
5-AD1039518WA0003,RHL-000471879
5-AD1000828WA0001,RHL-000172843
5-AD1000828WA0001,RHL-000470801
5-AD1000917WA0007,RHL-000133952
5-AD1000917WA0007,RHL-000466360
5-AD1000881WA0003,RHL-000001980
5-AD1000881WA0003,RHL-000471888
5-AD1000881WA0003,RHL-000471889
5-AD1000713WA0001,RHL-000002392
5-AD1000713WA0001,RHL-000471871
5-AD1000714WA0001,RHL-000008122
5-AD1000714WA0001,RHL-000466351
5-AD1000720WA0002,RHL-000017944
5-AD1000720WA0002,RHL-000471877
5-AD1000720WA0002,RHL-000471890
5-AD1065582WA0001,RHL-000022719
5-AD1065582WA0001,RHL-000466364
5-AD1000763WA0001,RHL-000026229
5-AD1000701WA0001,RHL-000035677
5-AD1000701WA0001,RHL-000466346
5-AD1000715WA0002,RHL-000039423
5-AD1000881WA0002,RHL-000042216
5-AD1000881WA0002,RHL-000470802
5-AD1000881WA0002,RHL-000470803
5-AD1000701WA0002,RHL-000045373
5-AD1000701WA0002,RHL-000466347
5-AD1000698WA0001,RHL-000047760
5-AD1000698WA0001,RHL-000466345
5-AD1000708WA0002,RHL-000067959
5-AD1000708WA0002,RHL-000471870
5-AD1062103WA0001,RHL-000077124
5-AD1062103WA0001,RHL-000470804
5-AD1062103WA0001,RHL-000462407
5-AD1000688WA0002,RHL-000077863
5-AD1000688WA0002,RHL-000463194
5-AD1000697WA0001,RHL-000083639
5-AD1000697WA0001,RHL-000466344
5-AD1000718WA0001,RHL-000085286
5-AD1000718WA0001,RHL-000466353
5-AD1000716WA0002,RHL-000085686
5-AD1000716WA0002,RHL-000466349
5-AD1000695WA0001,RHL-000085711
5-AD1000695WA0001,RHL-000463202
5-AD1000872WA0002,RHL-000092563
5-AD1000875WA0001,RHL-000093082
5-AD1000875WA0001,RHL-000471884
5-AD1000969WA0003,RHL-000097942
5-AD1000969WA0003,RHL-000471892
5-AD1000720WA0001,RHL-000104534
5-AD1000720WA0001,RHL-000471876
5-AD1000717WA0001,RHL-000104537
5-AD1000717WA0001,RHL-000471874
5-AD1000871WA0006,RHL-000104994
5-AD1000871WA0006,RHL-000466357
5-AD1000681WA0001,RHL-000106751
5-AD1000681WA0001,RHL-000470805
5-AD1000956WA0002,RHL-000106886
5-AD1000956WA0002,RHL-000463197
5-AD1000710WA0002,RHL-000118963
5-AD1000710WA0002,RHL-000466348
5-AD1001326WA0001,RHL-000123917
5-AD1001326WA0001,RHL-000466362
5-AD1000874WA0001,RHL-000139088
5-AD1000874WA0001,RHL-000470808
5-AD1000689WA0001,RHL-000141011
5-AD1000689WA0001,RHL-000466343
5-AD1000876WA0001,RHL-000152074
5-AD1000876WA0001,RHL-000471887
5-AD1000881WA0004,RHL-000157106
5-AD1000881WA0004,RHL-000471891
5-AD1000674WA0001,RHL-000164711
5-AD1000674WA0001,RHL-000466341
5-AD1000871WA0003,RHL-000170830
5-AD1000871WA0003,RHL-000471880
5-AD1000870WA0001,RHL-000181390
5-AD1000870WA0001,RHL-000466354
5-AD1000871WA0004,RHL-000191357
5-AD1000871WA0004,RHL-000471881
5-AD1000877WA0001,RHL-000192966
5-AD1000877WA0001,RHL-000470809
5-AD1000722WA0002,RHL-000237934
5-AD1000972WA0001,RHL-000239991
5-AD1000972WA0001,RHL-000463200
5-AD1000972WA0001,RHL-000463201
5-AD1000972WA0001,RHL-000470813
5-AD1000873WA0001,RHL-000248510
5-AD1000873WA0001,RHL-000471883
5-AD1000869WA0001,RHL-000252502
5-AD1000675WA0001,RHL-000252758
5-AD1000675WA0001,RHL-000466342
5-AD1000675WA0001,RHL-000469928
5-AD1000708WA0001,RHL-000254284
5-AD1000708WA0001,RHL-000463195
5-AD1000719WA0001,RHL-000259918
5-AD1000719WA0001,RHL-000471875
5-AD1000969WA0002,RHL-000260154
5-AD1000969WA0002,RHL-000470810
5-AD1000871WA0002,RHL-000262448
5-AD1000871WA0002,RHL-000466355
5-AD1000871WA0005,RHL-000283756
5-AD1000871WA0005,RHL-000466356
5-AD1000956WA0001,RHL-000285151
5-AD1000956WA0001,RHL-000463196
5-AD1000972WA0002,RHL-000296621
5-AD1000972WA0002,RHL-000463203
5-AD1000972WA0002,RHL-000463204
5-AD1000715WA0001,RHL-000300197
5-AD1000715WA0001,RHL-000471872
5-AD1000711WA0001,RHL-000301320
5-AD1000871WA0001,RHL-000309605
5-AD1000871WA0001,RHL-000470806
5-AD1000696WA0001,RHL-000325178
5-AD1000696WA0001,RHL-000470811
5-AD1000662WA0001,RHL-000326749
5-AD1000662WA0001,RHL-000470812
5-AD1000700WA0001,RHL-000332684
5-AD1000956WA0003,RHL-000356506
5-AD1000956WA0003,RHL-000463198
5-AD1000956WA0003,RHL-000463199
5-AD1000881WA0001,RHL-000370941
5-AD1000881WA0001,RHL-000470814
5-AD1000872WA0001,RHL-000373238
5-AD1000871WA0007,RHL-000379048
5-AD1000871WA0007,RHL-000466358
5-AD1000688WA0001,RHL-000396543
5-AD1000688WA0001,RHL-000463192
5-AD1000688WA0001,RHL-000463193
5-AD1000712WA0001,RHL-000406734
5-AD1000712WA0001,RHL-000466350
5-AD1000716WA0001,RHL-000414143
5-AD1000716WA0001,RHL-000471873
5-AD1000716WA0001,RHL-000462406
5-AD1000672WA0001,RHL-000428235
5-AD1000672WA0001,RHL-000466340
5-AD1000670WA0001,RHL-000438850
5-AD1000670WA0001,RHL-000466339
5-AD1000970WA0002,RHL-000450481
5-AD1000970WA0002,RHL-000466361
5-AD1000729WA0001,RHL-000419106
5-AD1000729WA0001,RHL-000471895
5-AD1039517WA0001,RHL-000094321
5-AD1039517WA0001,RHL-000466363
5-AD1000888WA0003,RHL-000010937
5-AD1000888WA0003,RHL-000466365
5-AD1000888WA0010,RHL-000046106
5-AD1000888WA0010,RHL-000470681
5-AD1000888WA0021,RHL-000067650
5-AD1000888WA0029,RHL-000093431
5-AD1000888WA0002,RHL-000221644
5-AD1000888WA0002,RHL-000466367
5-AD1058249WA0013,RHL-000228002
5-AD1000888WA0034,RHL-000234085
5-AD1000888WA0035,RHL-000261455
5-AD1058249WA0009,RHL-000273242
5-AD1000889WA0005,RHL-000381221
5-AD1000889WA0005,RHL-000466369
5-AD1000888WA0037,RHL-000405952
5-AD1000888WA0011,RHL-000409786
5-AD1000888WA0011,RHL-000470682
5-AD1000888WA0033,RHL-000419458
5-AD1000888WA0033,RHL-000470683
5-AD1000904WA0003,RHL-000066677
5-AD1000904WA0003,RHL-000466370
5-AD1001351WA0001,RHL-000156175
5-AD1000903WA0001,RHL-000271695
5-AD1000903WA0001,RHL-000466371
5-AD1001448WA0001,RHL-000294030
5-AD1001448WA0001,RHL-000466372
5-AD1000903WA0002,RHL-000430443
5-AD1000903WA0002,RHL-000470684
5-AD1000904WA0002,RHL-000439304
5-AD1039495WA0003,RHL-000028304
5-AD1039495WA0003,RHL-000466374
5-AD1039495WA0003,RHL-000466373
5-AD1039520WA0001,RHL-000087237
5-AD1039520WA0001,RHL-000470685
5-AD1039495WA0002,RHL-000240791
5-AD1039495WA0002,RHL-000470686
5-AD1039520WA0002,RHL-000283224
5-AD1039520WA0002,RHL-000466375
5-AD1039520WA0004,RHL-000345821
5-AD1039520WA0004,RHL-000469918
5-AD1039520WA0003,RHL-000359550
5-AD1039520WA0003,RHL-000466376
5-AD1039495WA0004,RHL-000398708
5-AD1039495WA0004,RHL-000466368
5-AD1039495WA0001,RHL-000440258
5-AD1039520WA0006,RHL-000446863
5-AD1039520WA0006,RHL-000466377
5-AD1000779WA0001,RHL-000048239
5-AD1000779WA0001,RHL-000466378
5-AD1000777WA0001,RHL-000127966
5-AD1000777WA0001,RHL-000466379
5-AD1000986WA0001,RHL-000199450
5-AD1000986WA0001,RHL-000466380
5-AD1000778WA0001,RHL-000291714
5-AD1000778WA0001,RHL-000466381
5-AD1000778WA0002,RHL-000304071
5-AD1000778WA0002,RHL-000466382
5-AD1000927WA0001,RHL-000396452
5-AD1000780WA0001,RHL-000005176
5-AD1000780WA0001,RHL-000466383
5-AD1000781WA0001,RHL-000155739
5-AD1039524WA0011,RHL-000054838
5-AD1039524WA0011,RHL-000466384
5-AD1039524WA0004,RHL-000156492
5-AD1039524WA0004,RHL-000470687
5-AD1039524WA0009,RHL-000267245
5-AD1039524WA0009,RHL-000470688
5-AD1039524WA0019,RHL-000273570
5-AD1039524WA0019,RHL-000466385
5-AD1039524WA0003,RHL-000329761
5-AD1039524WA0003,RHL-000466386
5-AD1039524WA0001,RHL-000358981
5-AD1039524WA0001,RHL-000466387
5-AD1039524WA0007,RHL-000407481
5-AD1039524WA0007,RHL-000470689
5-AD1000785WA0001,RHL-000431645
5-AD1000785WA0001,RHL-000470690
5-AD1039524WA0017,RHL-000450308
5-AD1039524WA0017,RHL-000466388
5-AD1039532WA0001,RHL-000036844
5-AD1039532WA0001,RHL-000469909
5-AD1039532WA0001,RHL-000472103
5-AD1133427WA0002,RHL-000012413
5-AD1133427WA0002,RHL-000469898
5-AD1039845WA0001,RHL-000112490
5-AD1039845WA0001,RHL-000469914
5-AD1039845WA0001,RHL-000469915
5-AD1039799WA0002,RHL-000099784
5-AD1039799WA0002,RHL-000469899
5-AD1039583WA0001,RHL-000322926
5-AD1039583WA0001,RHL-000466366
5-AD1039789WA0001,RHL-000332425
5-AD1136872WA0001,RHL-000371526
5-AD1136872WA0001,RHL-000469900
5-AD1039348WA0002,RHL-000404267
5-AD1039348WA0002,RHL-000470193
5-AD1039348WA0002,RHL-000470194
5-AD1039348WA0001,RHL-000434964
5-AD1039348WA0001,RHL-000470196
5-AD1172657WA0001,RHL-000440931
5-AD1039346WA0001,RHL-000445441
5-AD1039346WA0001,RHL-000469901
5-AD1039472WA0001,RHL-000032390
5-AD1039472WA0001,RHL-000469903
5-AD1039519WA0001,RHL-000348506
5-AD1197554WA0001,RHL-000433133
5-AD1000932WA0001,RHL-000213408
5-AD1000932WA0001,RHL-000469904
5-AD1000934WA0001,RHL-000282100
5-AD1000934WA0001,RHL-000469905
5-AD1000934WA0002,RHL-000291133
5-AD1000934WA0002,RHL-000469902
5-AD1000932WA0002,RHL-000362442
5-AD1000932WA0002,RHL-000469908
5-AD1039431WA0001,RHL-000035185
5-AD1039431WA0001,RHL-000470197
5-AD1174574WA0001,RHL-000300887
5-AD1174574WA0001,RHL-000469906
5-AD1039430WA0001,RHL-000333851
5-AD1039491WA0001,RHL-000371303
5-AD1039491WA0001,RHL-000469907
5-AD1000943WA0001,RHL-000101623
5-AD1000943WA0001,RHL-000462411
5-AD1000943WA0002,RHL-000130950
5-AD1000943WA0002,RHL-000462412
5-AD1000943WA0004,RHL-000388988
5-AD1000943WA0004,RHL-000470702
5-AD1000943WA0003,RHL-000427669
5-AD1000943WA0003,RHL-000462413
5-AD1039444WA0001,RHL-000196252
5-AD1039444WA0001,RHL-000462417
5-AD1039844WA0001,RHL-000211955
5-AD1039844WA0001,RHL-000462420
5-AD1039841WA0001,RHL-000231079
5-AD1039841WA0001,RHL-000462418
5-AD1039843WA0001,RHL-000329777
5-AD1039843WA0001,RHL-000470703
5-AD1039842WA0001,RHL-000404868
5-AD1039842WA0001,RHL-000462419
5-AD1000653WA0001,RHL-000008037
5-AD1000653WA0001,RHL-000462400
5-AD1000656WA0001,RHL-000186530
5-AD1000656WA0001,RHL-000462401
5-AD1039364WA0001,RHL-000042803
5-AD1039364WA0001,RHL-000466338
5-AD1061646WA0002,RHL-000382562
5-AD1061651WA0001,RHL-000383518
5-AD1061651WA0001,RHL-000462422
5-AD1000786WA0001,RHL-000007564
5-AD1000786WA0001,RHL-000462408
5-AD1000751WA0002,RHL-000025019
5-AD1000751WA0002,RHL-000462402
5-AD1000756WA0001,RHL-000050612
5-AD1000756WA0001,RHL-000462405
5-AD1000787WA0001,RHL-000119034
5-AD1000787WA0001,RHL-000462409
5-AD1000753WA0001,RHL-000441724
5-AD1000753WA0001,RHL-000462404
5-AD1000752WA0002,RHL-000450686
5-AD1000752WA0002,RHL-000462403
5-AD1039423WA0001,RHL-000186965
5-AD1039423WA0001,RHL-000462416
5-AD1039421WA0001,RHL-000347897
5-AD1000893WA0001,RHL-000424363
5-AD1000893WA0001,RHL-000463721
5-AD1000894WA0001,RHL-000114575
5-AD1039415WA0001,RHL-000294826
5-AD1039415WA0001, RHL-000462414
5-AD1039417WA0001,RHL-000317889
5-AD1039417WA0001, RHL-000462415
5-AD1001426WA0003,RHL-000264510
5-AD1001426WA0004,RHL-000383758
5-AD1001426WA0004,RHL-000463720
5-AD1039438WA0001,RHL-000526785
5-AD1082432WA0018,RHL-000101775
5-AD1082432WA0018,RHL-000469910
5-AD1082432WA0019,RHL-000141862
5-AD1082432WA0019,RHL-000469911
5-AD1082432WA0008,RHL-000152325
5-AD1082432WA0008,RHL-000469912
5-AD1039463WA0002,RHL-000177701
5-AD1039463WA0002,RHL-000470162
5-AD1082432WA0009,RHL-000210142
5-AD1082432WA0017,RHL-000248687
5-AD1082432WA0010,RHL-000367858
5-AD1082432WA0010,RHL-000469916
5-AD1082432WA0003,RHL-000045160
5-AD1082432WA0003,RHL-000469917
5-AD1082432WA0002,RHL-000345738
5-AD1082432WA0002,RHL-000470192
5-AD1082432WA0005,RHL-000109986
5-AD1082432WA0005,RHL-000469919
5-AD1082432WA0006,RHL-000399809
5-AD1082432WA0006,RHL-000469920
5-AD1082432WA0006,RHL-000036196
5-AD1082432WA0006,RHL-000469921
5-AD1082432WA0011,RHL-000037142
5-AD1082432WA0011,RHL-000469922
5-AD1082432WA0015,RHL-000000581
5-AD1082432WA0015,RHL-000469923
5-AD1082432WA0014,RHL-000407815
5-AD1082432WA0014,RHL-000469924
5-WB1000000WA0034,RHL-000124906
5-WB1000000WA0034,RHL-000469925
5-WB1000000WA0005,RHL-000424186
5-AD1000913WA0001,RHL-000068440
5-AD1000913WA0001,RHL-000469926
5-AD1000915WA0001,RHL-000236128
5-AD1000861WA0001,RHL-000282108
5-AD1000862WA0001,RHL-000292350
5-AD1000862WA0001,RHL-000469927
5-AD1000864WA0001,RHL-000300278
5-AD1000864WA0001,RHL-000470195
5-AD1000860WA0001,RHL-000363779
5-AD1063153WA0001,RHL-000369995
5-AD1039488WA0001,RHL-000379750
5-AD1039488WA0001,RHL-000470163
5-AD1000863WA0001,RHL-000385503
5-AD1197891WA0001,RHL-000168566
5-AD1197891WA0001,RHL-000454831
5-AD1001364WA0001,RHL-000394184
5-AD1001364WA0001,RHL-000454828
5-AD1001374WA0002,RHL-000404745
5-AD1001374WA0002,RHL-000454829
5-AD1001374WA0002,RHL-000454830
5-AD1189128WA0001,RHL-000583275
5-AD1000942WA0001,RHL-000144480
5-AD1000942WA0001,RHL-000454832
5-AD1000944WA0001,RHL-000388916
5-AD1000944WA0001,RHL-000463944
5-AD1039824WA0001,RHL-000240207
5-AD1000826WA0001,RHL-000131993
5-AD1000826WA0001,RHL-000464870
5-AD1039458WA0001,RHL-000143820
5-AD1039458WA0001,RHL-000464814
5-AD1000824WA0001,RHL-000217273
5-AD1000824WA0001,RHL-000471886
5-AD1039400WA0001,RHL-000272297
5-AD1039400WA0001,RHL-000464812
5-AD1000823WA0001,RHL-000330486
5-AD1000823WA0001,RHL-000464871
5-AD1039395WA0001,RHL-000414397
5-AD1039400WA0002,RHL-000270015
5-AD1039400WA0002,RHL-000465029
5-AD1039400WA0003,RHL-000119153
5-AD1039400WA0003,RHL-000462410
5-AD1039400WA0004,RHL-000417856
5-AD1039400WA0004,RHL-000471926
5-AD1000757WA0001,RHL-000080152
5-AD1000757WA0001,RHL-000464808
5-AD1039494WA0001,RHL-000211220
5-AD1039494WA0001,RHL-000470198
5-AD1000750WA0001,RHL-000234999
5-AD1000750WA0001,RHL-000464806
5-AD1000750WA0002,RHL-000282541
5-AD1000750WA0002,RHL-000464807
5-AD1000758WA0001,RHL-000292655
5-AD1000758WA0001,RHL-000471927
5-AD1000749WA0001,RHL-000416180
5-AD1000749WA0001,RHL-000470199
5-AD1039414WA0002,RHL-000130319
5-AD1039414WA0002,RHL-000471928
5-AD1039402WA0001,RHL-000260740
5-AD1039402WA0001,RHL-000464813
5-AD1059830WA0004,RHL-000049003
5-AD1059830WA0004,RHL-000470807
5-AD1059830WA0005,RHL-000288983
5-AD1059830WA0005,RHL-000470200
5-AD1000792WA0001,RHL-000365901
5-AD1000792WA0001,RHL-000464809
5-AD1000819WA0012,RHL-000327218
5-AD1000819WA0012,RHL-000471878 
5-AD1000838WA0001,RHL-000218852
5-AD1000838WA0001,RHL-000464810
5-AD1000852WA0001,RHL-000292479
5-AD1000852WA0001,RHL-000464548
5-AD1000832WA0001,RHL-000299748
5-AD1000832WA0001,RHL-000464872
5-AD1000849WA0001,RHL-000331759
5-AD1000849WA0001,RHL-000464811
5-AD1039518WA0023,RHL-000036416
5-AD1039518WA0023,RHL-000464553
5-AD1039518WA0015,RHL-000081264
5-AD1039518WA0015,RHL-000464552
5-AD1039518WA0011,RHL-000127592
5-AD1039518WA0011,RHL-000464549
5-AD1039518WA0032,RHL-000183813
5-AD1039518WA0032,RHL-000464555
5-AD1039518WA0027,RHL-000221331
5-AD1039518WA0027,RHL-000464554
5-AD1039518WA0014,RHL-000237078
5-AD1039518WA0014,RHL-000464551
5-AD1039518WA0012,RHL-000373167
5-AD1039518WA0012,RHL-000464550
5-AD1039518WA0003,RHL-000035887
5-AD1039518WA0003,RHL-000471879
5-AD1000828WA0001,RHL-000172843
5-AD1000828WA0001,RHL-000470801
5-AD1000917WA0007,RHL-000133952
5-AD1000917WA0007,RHL-000466360
5-AD1000881WA0003,RHL-000001980
5-AD1000881WA0003,RHL-000471888
5-AD1000881WA0003,RHL-000471889
5-AD1000713WA0001,RHL-000002392
5-AD1000713WA0001,RHL-000471871
5-AD1000714WA0001,RHL-000008122
5-AD1000714WA0001,RHL-000466351
5-AD1000720WA0002,RHL-000017944
5-AD1000720WA0002,RHL-000471877
5-AD1000720WA0002,RHL-000471890
5-AD1065582WA0001,RHL-000022719
5-AD1065582WA0001,RHL-000466364
5-AD1000763WA0001,RHL-000026229
5-AD1000701WA0001,RHL-000035677
5-AD1000701WA0001,RHL-000466346
5-AD1000715WA0002,RHL-000039423
5-AD1000881WA0002,RHL-000042216
5-AD1000881WA0002,RHL-000470802
5-AD1000881WA0002,RHL-000470803
5-AD1000701WA0002,RHL-000045373
5-AD1000701WA0002,RHL-000466347
5-AD1000698WA0001,RHL-000047760
5-AD1000698WA0001,RHL-000466345
5-AD1000708WA0002,RHL-000067959
5-AD1000708WA0002,RHL-000471870
5-AD1062103WA0001,RHL-000077124
5-AD1062103WA0001,RHL-000470804
5-AD1062103WA0001,RHL-000462407
5-AD1000688WA0002,RHL-000077863
5-AD1000688WA0002,RHL-000463194
5-AD1000697WA0001,RHL-000083639
5-AD1000697WA0001,RHL-000466344
5-AD1000718WA0001,RHL-000085286
5-AD1000718WA0001,RHL-000466353
5-AD1000716WA0002,RHL-000085686
5-AD1000716WA0002,RHL-000466349
5-AD1000695WA0001,RHL-000085711
5-AD1000695WA0001,RHL-000463202
5-AD1000872WA0002,RHL-000092563
5-AD1000875WA0001,RHL-000093082
5-AD1000875WA0001,RHL-000471884
5-AD1000969WA0003,RHL-000097942
5-AD1000969WA0003,RHL-000471892
5-AD1000720WA0001,RHL-000104534
5-AD1000720WA0001,RHL-000471876
5-AD1000717WA0001,RHL-000104537
5-AD1000717WA0001,RHL-000471874
5-AD1000871WA0006,RHL-000104994
5-AD1000871WA0006,RHL-000466357
5-AD1000681WA0001,RHL-000106751
5-AD1000681WA0001,RHL-000470805
5-AD1000956WA0002,RHL-000106886
5-AD1000956WA0002,RHL-000463197
5-AD1000710WA0002,RHL-000118963
5-AD1000710WA0002,RHL-000466348
5-AD1001326WA0001,RHL-000123917
5-AD1001326WA0001,RHL-000466362
5-AD1000874WA0001,RHL-000139088
5-AD1000874WA0001,RHL-000470808
5-AD1000689WA0001,RHL-000141011
5-AD1000689WA0001,RHL-000466343
5-AD1000876WA0001,RHL-000152074
5-AD1000876WA0001,RHL-000471887
5-AD1000881WA0004,RHL-000157106
5-AD1000881WA0004,RHL-000471891
5-AD1000674WA0001,RHL-000164711
5-AD1000674WA0001,RHL-000466341
5-AD1000871WA0003,RHL-000170830
5-AD1000871WA0003,RHL-000471880
5-AD1000870WA0001,RHL-000181390
5-AD1000870WA0001,RHL-000466354
5-AD1000871WA0004,RHL-000191357
5-AD1000871WA0004,RHL-000471881
5-AD1000877WA0001,RHL-000192966
5-AD1000877WA0001,RHL-000470809
5-AD1000722WA0002,RHL-000237934
5-AD1000972WA0001,RHL-000239991
5-AD1000972WA0001,RHL-000463200
5-AD1000972WA0001,RHL-000463201
5-AD1000972WA0001,RHL-000470813
5-AD1000873WA0001,RHL-000248510
5-AD1000873WA0001,RHL-000471883
5-AD1000869WA0001,RHL-000252502
5-AD1000675WA0001,RHL-000252758
5-AD1000675WA0001,RHL-000466342
5-AD1000675WA0001,RHL-000469928
5-AD1000708WA0001,RHL-000254284
5-AD1000708WA0001,RHL-000463195
5-AD1000719WA0001,RHL-000259918
5-AD1000719WA0001,RHL-000471875
5-AD1000969WA0002,RHL-000260154
5-AD1000969WA0002,RHL-000470810
5-AD1000871WA0002,RHL-000262448
5-AD1000871WA0002,RHL-000466355
5-AD1000871WA0005,RHL-000283756
5-AD1000871WA0005,RHL-000466356
5-AD1000956WA0001,RHL-000285151
5-AD1000956WA0001,RHL-000463196
5-AD1000972WA0002,RHL-000296621
5-AD1000972WA0002,RHL-000463203
5-AD1000972WA0002,RHL-000463204
5-AD1000715WA0001,RHL-000300197
5-AD1000715WA0001,RHL-000471872
5-AD1000711WA0001,RHL-000301320
5-AD1000871WA0001,RHL-000309605
5-AD1000871WA0001,RHL-000470806
5-AD1000696WA0001,RHL-000325178
5-AD1000696WA0001,RHL-000470811
5-AD1000662WA0001,RHL-000326749
5-AD1000662WA0001,RHL-000470812
5-AD1000700WA0001,RHL-000332684
5-AD1000956WA0003,RHL-000356506
5-AD1000956WA0003,RHL-000463198
5-AD1000956WA0003,RHL-000463199
5-AD1000881WA0001,RHL-000370941
5-AD1000881WA0001,RHL-000470814
5-AD1000872WA0001,RHL-000373238
5-AD1000871WA0007,RHL-000379048
5-AD1000871WA0007,RHL-000466358
5-AD1000688WA0001,RHL-000396543
5-AD1000688WA0001,RHL-000463192
5-AD1000688WA0001,RHL-000463193
5-AD1000712WA0001,RHL-000406734
5-AD1000712WA0001,RHL-000466350
5-AD1000716WA0001,RHL-000414143
5-AD1000716WA0001,RHL-000471873
5-AD1000716WA0001,RHL-000462406
5-AD1000672WA0001,RHL-000428235
5-AD1000672WA0001,RHL-000466340
5-AD1000670WA0001,RHL-000438850
5-AD1000670WA0001,RHL-000466339
5-AD1000970WA0002,RHL-000450481
5-AD1000970WA0002,RHL-000466361
5-AD1000729WA0001,RHL-000419106
5-AD1000729WA0001,RHL-000471895
5-AD1039517WA0001,RHL-000094321
5-AD1039517WA0001,RHL-000466363
5-AD1000888WA0003,RHL-000010937
5-AD1000888WA0003,RHL-000466365
5-AD1000888WA0010,RHL-000046106
5-AD1000888WA0010,RHL-000470681
5-AD1000888WA0021,RHL-000067650
5-AD1000888WA0029,RHL-000093431
5-AD1000888WA0002,RHL-000221644
5-AD1000888WA0002,RHL-000466367
5-AD1058249WA0013,RHL-000228002
5-AD1000888WA0034,RHL-000234085
5-AD1000888WA0035,RHL-000261455
5-AD1058249WA0009,RHL-000273242
5-AD1000889WA0005,RHL-000381221
5-AD1000889WA0005,RHL-000466369
5-AD1000888WA0037,RHL-000405952
5-AD1000888WA0011,RHL-000409786
5-AD1000888WA0011,RHL-000470682
5-AD1000888WA0033,RHL-000419458
5-AD1000888WA0033,RHL-000470683
5-AD1000904WA0003,RHL-000066677
5-AD1000904WA0003,RHL-000466370
5-AD1001351WA0001,RHL-000156175
5-AD1000903WA0001,RHL-000271695
5-AD1000903WA0001,RHL-000466371
5-AD1001448WA0001,RHL-000294030
5-AD1001448WA0001,RHL-000466372
5-AD1000903WA0002,RHL-000430443
5-AD1000903WA0002,RHL-000470684
5-AD1000904WA0002,RHL-000439304
5-AD1039495WA0003,RHL-000028304
5-AD1039495WA0003,RHL-000466374
5-AD1039495WA0003,RHL-000466373
5-AD1039520WA0001,RHL-000087237
5-AD1039520WA0001,RHL-000470685
5-AD1039495WA0002,RHL-000240791
5-AD1039495WA0002,RHL-000470686
5-AD1039520WA0002,RHL-000283224
5-AD1039520WA0002,RHL-000466375
5-AD1039520WA0004,RHL-000345821
5-AD1039520WA0004,RHL-000469918
5-AD1039520WA0003,RHL-000359550
5-AD1039520WA0003,RHL-000466376
5-AD1039495WA0004,RHL-000398708
5-AD1039495WA0004,RHL-000466368
5-AD1039495WA0001,RHL-000440258
5-AD1039520WA0006,RHL-000446863
5-AD1039520WA0006,RHL-000466377
5-AD1000779WA0001,RHL-000048239
5-AD1000779WA0001,RHL-000466378
5-AD1000777WA0001,RHL-000127966
5-AD1000777WA0001,RHL-000466379
5-AD1000986WA0001,RHL-000199450
5-AD1000986WA0001,RHL-000466380
5-AD1000778WA0001,RHL-000291714
5-AD1000778WA0001,RHL-000466381
5-AD1000778WA0002,RHL-000304071
5-AD1000778WA0002,RHL-000466382
5-AD1000927WA0001,RHL-000396452
5-AD1000780WA0001,RHL-000005176
5-AD1000780WA0001,RHL-000466383
5-AD1000781WA0001,RHL-000155739
5-AD1039524WA0011,RHL-000054838
5-AD1039524WA0011,RHL-000466384
5-AD1039524WA0004,RHL-000156492
5-AD1039524WA0004,RHL-000470687
5-AD1039524WA0009,RHL-000267245
5-AD1039524WA0009,RHL-000470688
5-AD1039524WA0019,RHL-000273570
5-AD1039524WA0019,RHL-000466385
5-AD1039524WA0003,RHL-000329761
5-AD1039524WA0003,RHL-000466386
5-AD1039524WA0001,RHL-000358981
5-AD1039524WA0001,RHL-000466387
5-AD1039524WA0007,RHL-000407481
5-AD1039524WA0007,RHL-000470689
5-AD1000785WA0001,RHL-000431645
5-AD1000785WA0001,RHL-000470690
5-AD1039524WA0017,RHL-000450308
5-AD1039524WA0017,RHL-000466388
5-AD1039532WA0001,RHL-000036844
5-AD1039532WA0001,RHL-000469909
5-AD1039532WA0001,RHL-000472103
5-AD1133427WA0002,RHL-000012413
5-AD1133427WA0002,RHL-000469898
5-AD1039845WA0001,RHL-000112490
5-AD1039845WA0001,RHL-000469914
5-AD1039845WA0001,RHL-000469915
5-AD1039799WA0002,RHL-000099784
5-AD1039799WA0002,RHL-000469899
5-AD1039583WA0001,RHL-000322926
5-AD1039583WA0001,RHL-000466366
5-AD1039789WA0001,RHL-000332425
5-AD1136872WA0001,RHL-000371526
5-AD1136872WA0001,RHL-000469900
5-AD1039348WA0002,RHL-000404267
5-AD1039348WA0002,RHL-000470193
5-AD1039348WA0002,RHL-000470194
5-AD1039348WA0001,RHL-000434964
5-AD1039348WA0001,RHL-000470196
5-AD1172657WA0001,RHL-000440931
5-AD1039346WA0001,RHL-000445441
5-AD1039346WA0001,RHL-000469901
5-AD1039472WA0001,RHL-000032390
5-AD1039472WA0001,RHL-000469903
5-AD1039519WA0001,RHL-000348506
5-AD1197554WA0001,RHL-000433133
5-AD1000932WA0001,RHL-000213408
5-AD1000932WA0001,RHL-000469904
5-AD1000934WA0001,RHL-000282100
5-AD1000934WA0001,RHL-000469905
5-AD1000934WA0002,RHL-000291133
5-AD1000934WA0002,RHL-000469902
5-AD1000932WA0002,RHL-000362442
5-AD1000932WA0002,RHL-000469908
5-AD1039431WA0001,RHL-000035185
5-AD1039431WA0001,RHL-000470197
5-AD1174574WA0001,RHL-000300887
5-AD1174574WA0001,RHL-000469906
5-AD1039430WA0001,RHL-000333851
5-AD1039491WA0001,RHL-000371303
5-AD1039491WA0001,RHL-000469907
5-AD1039518WA0041,RHL-000021974
5-AD1197720WA0001,RHL-000021974
